Lot Number,Product Code,Quantity,Unit,Manufacture Date,Expiry Date,Warehouse,Manufacturing Order,Supplier,Status
SYN-LOT-RM-0001,SYN-RM-0001,292.7,kg,2026-01-16,,WH-RAW,,SYN-SUP-002,released
SYN-LOT-RM-0002,SYN-RM-0001,360.6,kg,2026-04-16,,WH-RAW,,SYN-SUP-002,released
SYN-LOT-RM-0003,SYN-RM-0001,138.4,kg,2026-04-16,,WH-RAW,,SYN-SUP-002,released
SYN-LOT-RM-0004,SYN-RM-0001,96.7,kg,2026-06-18,,WH-RAW,,SYN-SUP-001,released
SYN-LOT-RM-0005,SYN-RM-0001,199.4,kg,2026-06-19,,WH-RAW,,SYN-SUP-001,released
SYN-LOT-RM-0006,SYN-RM-0001,216.6,kg,2026-01-27,,WH-RAW,,SYN-SUP-002,released
SYN-LOT-RM-0007,SYN-RM-0001,110.6,kg,2026-02-12,,WH-RAW,,SYN-SUP-002,released
SYN-LOT-RM-0008,SYN-RM-0001,290.5,kg,2026-01-10,,WH-RAW,,SYN-SUP-003,released
SYN-LOT-RM-0009,SYN-RM-0002,182.1,kg,2026-02-23,,WH-RAW,,SYN-SUP-001,released
SYN-LOT-RM-0010,SYN-RM-0002,139.4,kg,2026-05-20,,WH-RAW,,SYN-SUP-003,released
SYN-LOT-RM-0011,SYN-RM-0002,171.8,kg,2026-02-27,,WH-RAW,,SYN-SUP-001,released
SYN-LOT-RM-0012,SYN-RM-0002,175.7,kg,2026-02-18,,WH-RAW,,SYN-SUP-001,released
SYN-LOT-RM-0013,SYN-RM-0002,278.8,kg,2026-05-15,,WH-RAW,,SYN-SUP-001,released
SYN-LOT-RM-0014,SYN-RM-0002,382.9,kg,2026-02-16,,WH-RAW,,SYN-SUP-003,released
SYN-LOT-RM-0015,SYN-RM-0002,349.0,kg,2026-01-17,,WH-RAW,,SYN-SUP-002,released
SYN-LOT-RM-0016,SYN-RM-0002,207.3,kg,2026-01-20,,WH-RAW,,SYN-SUP-002,released
SYN-LOT-RM-0017,SYN-RM-0003,384.7,kg,2026-01-26,,WH-RAW,,SYN-SUP-002,released
SYN-LOT-RM-0018,SYN-RM-0003,284.0,kg,2026-03-27,,WH-RAW,,SYN-SUP-002,released
SYN-LOT-RM-0019,SYN-RM-0003,193.0,kg,2026-02-18,,WH-RAW,,SYN-SUP-002,released
SYN-LOT-RM-0020,SYN-RM-0003,240.3,kg,2026-05-17,,WH-RAW,,SYN-SUP-002,released
SYN-LOT-RM-0021,SYN-RM-0003,185.2,kg,2026-03-17,,WH-RAW,,SYN-SUP-002,released
SYN-LOT-RM-0022,SYN-RM-0003,221.7,kg,2026-02-22,,WH-RAW,,SYN-SUP-002,released
SYN-LOT-RM-0023,SYN-RM-0003,312.5,kg,2026-04-17,,WH-RAW,,SYN-SUP-001,released
SYN-LOT-RM-0024,SYN-RM-0003,291.6,kg,2026-02-13,,WH-RAW,,SYN-SUP-003,released
SYN-LOT-RM-0025,SYN-RM-0004,232.3,kg,2026-03-17,,WH-RAW,,SYN-SUP-003,released
SYN-LOT-RM-0026,SYN-RM-0004,310.9,kg,2026-05-10,,WH-RAW,,SYN-SUP-003,released
SYN-LOT-RM-0027,SYN-RM-0004,185.0,kg,2026-05-27,,WH-RAW,,SYN-SUP-001,released
SYN-LOT-RM-0028,SYN-RM-0004,256.2,kg,2026-05-28,,WH-RAW,,SYN-SUP-001,released
SYN-LOT-RM-0029,SYN-RM-0004,200.6,kg,2026-02-25,,WH-RAW,,SYN-SUP-003,released
SYN-LOT-RM-0030,SYN-RM-0004,265.0,kg,2026-02-10,,WH-RAW,,SYN-SUP-003,released
SYN-LOT-RM-0031,SYN-RM-0004,76.9,kg,2026-03-20,,WH-RAW,,SYN-SUP-001,released
SYN-LOT-RM-0032,SYN-RM-0004,141.4,kg,2026-04-21,,WH-RAW,,SYN-SUP-002,released
SYN-LOT-FG-0033,SYN-TR-0001,2000,pcs,2026-02-18,,WH-01,SYN-MO-0001,,released
SYN-LOT-FG-0034,SYN-TR-0001,2000,pcs,2026-04-14,,WH-01,SYN-MO-0002,,released
SYN-LOT-FG-0035,SYN-TR-0001,500,pcs,2026-04-12,,WH-02,SYN-MO-0003,,released
SYN-LOT-FG-0036,SYN-TR-0002,2000,pcs,2026-03-24,2031-01-01,WH-02,SYN-MO-0004,,quarantined
SYN-LOT-FG-0037,SYN-TR-0002,2000,pcs,2026-04-20,2031-09-01,WH-01,SYN-MO-0005,,quarantined
SYN-LOT-FG-0038,SYN-TR-0002,1000,pcs,2026-03-22,2031-01-01,WH-03,SYN-MO-0006,,quarantined
SYN-LOT-FG-0039,SYN-TR-0003,1000,pcs,2026-07-11,,WH-03,SYN-MO-0007,,released
SYN-LOT-FG-0040,SYN-TR-0003,1000,pcs,2026-07-15,,WH-03,SYN-MO-0008,,quarantined
SYN-LOT-FG-0041,SYN-TR-0003,1000,pcs,2026-02-12,,WH-01,SYN-MO-0009,,quarantined
SYN-LOT-FG-0042,SYN-TR-0004,2000,pcs,2026-04-27,,WH-03,SYN-MO-0010,,quarantined
SYN-LOT-FG-0043,SYN-TR-0004,500,pcs,2026-06-15,,WH-01,SYN-MO-0011,,released
SYN-LOT-FG-0044,SYN-TR-0004,250,pcs,2026-06-12,,WH-03,SYN-MO-0012,,released
SYN-LOT-FG-0045,SYN-TR-0005,2000,pcs,2026-02-15,,WH-01,SYN-MO-0013,,blocked
SYN-LOT-FG-0046,SYN-TR-0005,250,pcs,2026-06-14,,WH-03,SYN-MO-0014,,quarantined
SYN-LOT-FG-0047,SYN-TR-0005,2000,pcs,2026-07-15,,WH-02,SYN-MO-0015,,blocked
SYN-LOT-FG-0048,SYN-TR-0006,250,pcs,2026-01-21,,WH-02,SYN-MO-0016,,released
SYN-LOT-FG-0049,SYN-TR-0006,500,pcs,2026-04-15,,WH-01,SYN-MO-0017,,released
SYN-LOT-FG-0050,SYN-TR-0006,1000,pcs,2026-04-11,,WH-02,SYN-MO-0018,,released
SYN-LOT-FG-0051,SYN-TR-0007,500,pcs,2026-04-13,,WH-01,SYN-MO-0019,,released
SYN-LOT-FG-0052,SYN-TR-0007,250,pcs,2026-02-27,,WH-02,SYN-MO-0020,,quarantined
SYN-LOT-FG-0053,SYN-TR-0007,500,pcs,2026-01-27,,WH-03,SYN-MO-0021,,released
SYN-LOT-FG-0054,SYN-TR-0008,250,pcs,2026-07-25,,WH-02,SYN-MO-0022,,released
SYN-LOT-FG-0055,SYN-TR-0008,2000,pcs,2026-07-16,,WH-03,SYN-MO-0023,,released
SYN-LOT-FG-0056,SYN-TR-0008,1000,pcs,2026-04-21,,WH-03,SYN-MO-0024,,released
SYN-LOT-FG-0057,SYN-TR-0009,1000,pcs,2026-01-10,2031-06-01,WH-02,SYN-MO-0025,,released
SYN-LOT-FG-0058,SYN-TR-0009,250,pcs,2026-05-14,2031-01-01,WH-01,SYN-MO-0026,,blocked
SYN-LOT-FG-0059,SYN-TR-0009,500,pcs,2026-07-26,2031-04-01,WH-01,SYN-MO-0027,,quarantined
SYN-LOT-FG-0060,SYN-TR-0010,2000,pcs,2026-06-12,2031-05-01,WH-01,SYN-MO-0028,,released
SYN-LOT-FG-0061,SYN-TR-0010,500,pcs,2026-06-12,2031-07-01,WH-02,SYN-MO-0029,,quarantined
SYN-LOT-FG-0062,SYN-TR-0010,250,pcs,2026-05-15,2031-03-01,WH-01,SYN-MO-0030,,quarantined
SYN-LOT-FG-0063,SYN-TR-0011,1000,pcs,2026-05-26,,WH-02,SYN-MO-0031,,released
SYN-LOT-FG-0064,SYN-TR-0011,250,pcs,2026-04-23,,WH-02,SYN-MO-0032,,released
SYN-LOT-FG-0065,SYN-TR-0011,500,pcs,2026-06-15,,WH-01,SYN-MO-0033,,released
SYN-LOT-FG-0066,SYN-TR-0012,1000,pcs,2026-06-11,,WH-03,SYN-MO-0034,,released
SYN-LOT-FG-0067,SYN-TR-0012,1000,pcs,2026-07-11,,WH-03,SYN-MO-0035,,released
SYN-LOT-FG-0068,SYN-TR-0012,1000,pcs,2026-03-13,,WH-01,SYN-MO-0036,,released
SYN-LOT-FG-0069,SYN-SP-0013,2000,pcs,2026-02-19,,WH-01,SYN-MO-0037,,released
SYN-LOT-FG-0070,SYN-SP-0013,250,pcs,2026-05-27,,WH-01,SYN-MO-0038,,blocked
SYN-LOT-FG-0071,SYN-SP-0013,250,pcs,2026-07-22,,WH-03,SYN-MO-0039,,released
SYN-LOT-FG-0072,SYN-SP-0014,250,pcs,2026-07-24,2031-05-01,WH-01,SYN-MO-0040,,released
SYN-LOT-FG-0073,SYN-SP-0014,1000,pcs,2026-04-15,2031-04-01,WH-02,SYN-MO-0041,,quarantined
SYN-LOT-FG-0074,SYN-SP-0014,250,pcs,2026-04-19,2031-08-01,WH-02,SYN-MO-0042,,released
SYN-LOT-FG-0075,SYN-SP-0015,2000,pcs,2026-01-14,,WH-01,SYN-MO-0043,,released
SYN-LOT-FG-0076,SYN-SP-0015,500,pcs,2026-02-25,,WH-03,SYN-MO-0044,,quarantined
SYN-LOT-FG-0077,SYN-SP-0015,500,pcs,2026-01-20,,WH-02,SYN-MO-0045,,released
SYN-LOT-FG-0078,SYN-SP-0016,250,pcs,2026-05-19,,WH-03,SYN-MO-0046,,released
SYN-LOT-FG-0079,SYN-SP-0016,500,pcs,2026-04-22,,WH-01,SYN-MO-0047,,blocked
SYN-LOT-FG-0080,SYN-SP-0016,1000,pcs,2026-01-15,,WH-02,SYN-MO-0048,,quarantined
SYN-LOT-FG-0081,SYN-SP-0017,500,pcs,2026-04-21,,WH-01,SYN-MO-0049,,released
SYN-LOT-FG-0082,SYN-SP-0017,2000,pcs,2026-03-25,,WH-03,SYN-MO-0050,,quarantined
SYN-LOT-FG-0083,SYN-SP-0017,2000,pcs,2026-03-26,,WH-03,SYN-MO-0051,,released
SYN-LOT-FG-0084,SYN-SP-0018,500,pcs,2026-06-23,,WH-03,SYN-MO-0052,,quarantined
SYN-LOT-FG-0085,SYN-SP-0018,500,pcs,2026-02-14,,WH-01,SYN-MO-0053,,blocked
SYN-LOT-FG-0086,SYN-SP-0018,250,pcs,2026-04-19,,WH-02,SYN-MO-0054,,blocked
SYN-LOT-FG-0087,SYN-SP-0019,1000,pcs,2026-07-13,,WH-02,SYN-MO-0055,,released
SYN-LOT-FG-0088,SYN-SP-0019,250,pcs,2026-02-11,,WH-01,SYN-MO-0056,,released
SYN-LOT-FG-0089,SYN-SP-0019,250,pcs,2026-06-27,,WH-02,SYN-MO-0057,,released
SYN-LOT-FG-0090,SYN-SP-0020,250,pcs,2026-05-15,2031-05-01,WH-02,SYN-MO-0058,,released
SYN-LOT-FG-0091,SYN-SP-0020,1000,pcs,2026-05-17,2031-04-01,WH-01,SYN-MO-0059,,quarantined
SYN-LOT-FG-0092,SYN-SP-0020,2000,pcs,2026-07-18,2031-02-01,WH-01,SYN-MO-0060,,released
SYN-LOT-FG-0093,SYN-SP-0021,250,pcs,2026-01-20,2031-01-01,WH-02,SYN-MO-0061,,blocked
SYN-LOT-FG-0094,SYN-SP-0021,250,pcs,2026-06-10,2031-04-01,WH-03,SYN-MO-0062,,released
SYN-LOT-FG-0095,SYN-SP-0021,2000,pcs,2026-02-27,2031-06-01,WH-03,SYN-MO-0063,,released
SYN-LOT-FG-0096,SYN-SP-0022,1000,pcs,2026-03-24,,WH-01,SYN-MO-0064,,blocked
SYN-LOT-FG-0097,SYN-SP-0022,250,pcs,2026-06-20,,WH-01,SYN-MO-0065,,blocked
SYN-LOT-FG-0098,SYN-SP-0022,500,pcs,2026-05-24,,WH-01,SYN-MO-0066,,quarantined
SYN-LOT-FG-0099,SYN-SP-0023,500,pcs,2026-06-27,,WH-03,SYN-MO-0067,,released
SYN-LOT-FG-0100,SYN-SP-0023,2000,pcs,2026-06-24,,WH-01,SYN-MO-0068,,released
SYN-LOT-FG-0101,SYN-SP-0023,500,pcs,2026-03-17,,WH-03,SYN-MO-0069,,released
SYN-LOT-FG-0102,SYN-SP-0024,500,pcs,2026-04-21,,WH-02,SYN-MO-0070,,blocked
SYN-LOT-FG-0103,SYN-SP-0024,500,pcs,2026-01-12,,WH-02,SYN-MO-0071,,released
SYN-LOT-FG-0104,SYN-SP-0024,2000,pcs,2026-03-13,,WH-03,SYN-MO-0072,,released
SYN-LOT-FG-0105,SYN-AR-0025,250,pcs,2026-06-26,,WH-01,SYN-MO-0073,,quarantined
SYN-LOT-FG-0106,SYN-AR-0025,2000,pcs,2026-02-19,,WH-03,SYN-MO-0074,,released
SYN-LOT-FG-0107,SYN-AR-0025,500,pcs,2026-07-15,,WH-01,SYN-MO-0075,,released
SYN-LOT-FG-0108,SYN-AR-0026,250,pcs,2026-02-23,,WH-03,SYN-MO-0076,,quarantined
SYN-LOT-FG-0109,SYN-AR-0026,2000,pcs,2026-03-12,,WH-01,SYN-MO-0077,,released
SYN-LOT-FG-0110,SYN-AR-0026,500,pcs,2026-02-17,,WH-01,SYN-MO-0078,,quarantined
SYN-LOT-FG-0111,SYN-AR-0027,2000,pcs,2026-01-14,,WH-02,SYN-MO-0079,,released
SYN-LOT-FG-0112,SYN-AR-0027,500,pcs,2026-02-16,,WH-02,SYN-MO-0080,,released
SYN-LOT-FG-0113,SYN-AR-0027,1000,pcs,2026-07-14,,WH-02,SYN-MO-0081,,released
SYN-LOT-FG-0114,SYN-AR-0028,500,pcs,2026-03-28,2031-04-01,WH-03,SYN-MO-0082,,quarantined
SYN-LOT-FG-0115,SYN-AR-0028,500,pcs,2026-03-26,2031-09-01,WH-02,SYN-MO-0083,,blocked
SYN-LOT-FG-0116,SYN-AR-0028,2000,pcs,2026-04-26,2031-02-01,WH-03,SYN-MO-0084,,quarantined
SYN-LOT-FG-0117,SYN-AR-0029,250,pcs,2026-02-19,,WH-03,SYN-MO-0085,,released
SYN-LOT-FG-0118,SYN-AR-0029,250,pcs,2026-02-26,,WH-02,SYN-MO-0086,,blocked
SYN-LOT-FG-0119,SYN-AR-0029,1000,pcs,2026-02-26,,WH-01,SYN-MO-0087,,blocked
SYN-LOT-FG-0120,SYN-AR-0030,500,pcs,2026-02-23,2031-01-01,WH-02,SYN-MO-0088,,released
SYN-LOT-FG-0121,SYN-AR-0030,500,pcs,2026-01-26,2031-08-01,WH-03,SYN-MO-0089,,released
SYN-LOT-FG-0122,SYN-AR-0030,500,pcs,2026-03-28,2031-09-01,WH-02,SYN-MO-0090,,quarantined
SYN-LOT-FG-0123,SYN-AR-0031,500,pcs,2026-05-27,,WH-01,SYN-MO-0091,,blocked
SYN-LOT-FG-0124,SYN-AR-0031,1000,pcs,2026-04-26,,WH-02,SYN-MO-0092,,blocked
SYN-LOT-FG-0125,SYN-AR-0031,500,pcs,2026-01-17,,WH-02,SYN-MO-0093,,released
SYN-LOT-FG-0126,SYN-AR-0032,250,pcs,2026-01-18,,WH-02,SYN-MO-0094,,released
SYN-LOT-FG-0127,SYN-AR-0032,2000,pcs,2026-04-25,,WH-01,SYN-MO-0095,,quarantined
SYN-LOT-FG-0128,SYN-AR-0032,2000,pcs,2026-01-10,,WH-01,SYN-MO-0096,,blocked
SYN-LOT-FG-0129,SYN-AR-0033,250,pcs,2026-06-24,2031-06-01,WH-02,SYN-MO-0097,,released
SYN-LOT-FG-0130,SYN-AR-0033,500,pcs,2026-01-15,2031-06-01,WH-01,SYN-MO-0098,,quarantined
SYN-LOT-FG-0131,SYN-AR-0033,250,pcs,2026-01-19,2031-06-01,WH-02,SYN-MO-0099,,released
SYN-LOT-FG-0132,SYN-MA-0034,250,pcs,2026-02-28,,WH-01,SYN-MO-0100,,released
SYN-LOT-FG-0133,SYN-MA-0034,2000,pcs,2026-03-23,,WH-01,SYN-MO-0101,,released
SYN-LOT-FG-0134,SYN-MA-0034,2000,pcs,2026-06-10,,WH-02,SYN-MO-0102,,quarantined
SYN-LOT-FG-0135,SYN-MA-0035,500,pcs,2026-01-28,,WH-02,SYN-MO-0103,,blocked
SYN-LOT-FG-0136,SYN-MA-0035,2000,pcs,2026-01-13,,WH-02,SYN-MO-0104,,released
SYN-LOT-FG-0137,SYN-MA-0035,2000,pcs,2026-02-17,,WH-03,SYN-MO-0105,,released
SYN-LOT-FG-0138,SYN-MA-0036,1000,pcs,2026-04-12,2031-03-01,WH-02,SYN-MO-0106,,released
SYN-LOT-FG-0139,SYN-MA-0036,500,pcs,2026-01-20,2031-05-01,WH-03,SYN-MO-0107,,released
SYN-LOT-FG-0140,SYN-MA-0036,2000,pcs,2026-03-23,2031-04-01,WH-03,SYN-MO-0108,,blocked
SYN-LOT-FG-0141,SYN-MA-0037,250,pcs,2026-02-19,,WH-02,SYN-MO-0109,,released
SYN-LOT-FG-0142,SYN-MA-0037,500,pcs,2026-07-10,,WH-03,SYN-MO-0110,,quarantined
SYN-LOT-FG-0143,SYN-MA-0037,250,pcs,2026-07-24,,WH-02,SYN-MO-0111,,quarantined
SYN-LOT-FG-0144,SYN-MA-0038,2000,pcs,2026-04-15,,WH-01,SYN-MO-0112,,released
SYN-LOT-FG-0145,SYN-MA-0038,250,pcs,2026-06-24,,WH-03,SYN-MO-0113,,released
SYN-LOT-FG-0146,SYN-MA-0038,2000,pcs,2026-05-24,,WH-02,SYN-MO-0114,,quarantined
SYN-LOT-FG-0147,SYN-MA-0039,1000,pcs,2026-04-24,2031-01-01,WH-01,SYN-MO-0115,,blocked
SYN-LOT-FG-0148,SYN-MA-0039,250,pcs,2026-03-21,2031-05-01,WH-02,SYN-MO-0116,,released
SYN-LOT-FG-0149,SYN-MA-0039,1000,pcs,2026-01-18,2031-04-01,WH-01,SYN-MO-0117,,released
SYN-LOT-FG-0150,SYN-MA-0040,2000,pcs,2026-01-18,2031-01-01,WH-02,SYN-MO-0118,,released
SYN-LOT-FG-0151,SYN-MA-0040,2000,pcs,2026-04-11,2031-07-01,WH-03,SYN-MO-0119,,released
SYN-LOT-FG-0152,SYN-MA-0040,500,pcs,2026-05-10,2031-03-01,WH-03,SYN-MO-0120,,released
SYN-LOT-FG-0153,SYN-MA-0041,2000,pcs,2026-06-11,,WH-02,SYN-MO-0121,,released
SYN-LOT-FG-0154,SYN-MA-0041,1000,pcs,2026-04-25,,WH-02,SYN-MO-0122,,released
SYN-LOT-FG-0155,SYN-MA-0041,1000,pcs,2026-03-14,,WH-01,SYN-MO-0123,,released
SYN-LOT-FG-0156,SYN-MA-0042,250,pcs,2026-03-19,2031-03-01,WH-02,SYN-MO-0124,,released
SYN-LOT-FG-0157,SYN-MA-0042,1000,pcs,2026-05-25,2031-04-01,WH-03,SYN-MO-0125,,released
SYN-LOT-FG-0158,SYN-MA-0042,500,pcs,2026-06-28,2031-08-01,WH-03,SYN-MO-0126,,released
SYN-LOT-FG-0159,SYN-HA-0043,500,pcs,2026-05-21,,WH-02,SYN-MO-0127,,released
SYN-LOT-FG-0160,SYN-HA-0043,500,pcs,2026-06-27,,WH-03,SYN-MO-0128,,released
SYN-LOT-FG-0161,SYN-HA-0043,1000,pcs,2026-03-19,,WH-03,SYN-MO-0129,,released
SYN-LOT-FG-0162,SYN-HA-0044,1000,pcs,2026-06-22,2031-07-01,WH-03,SYN-MO-0130,,released
SYN-LOT-FG-0163,SYN-HA-0044,500,pcs,2026-01-21,2031-05-01,WH-02,SYN-MO-0131,,blocked
SYN-LOT-FG-0164,SYN-HA-0044,250,pcs,2026-03-23,2031-04-01,WH-03,SYN-MO-0132,,quarantined
SYN-LOT-FG-0165,SYN-HA-0045,500,pcs,2026-03-19,,WH-03,SYN-MO-0133,,quarantined
SYN-LOT-FG-0166,SYN-HA-0045,500,pcs,2026-07-12,,WH-03,SYN-MO-0134,,quarantined
SYN-LOT-FG-0167,SYN-HA-0045,2000,pcs,2026-04-23,,WH-01,SYN-MO-0135,,released
SYN-LOT-FG-0168,SYN-HA-0046,1000,pcs,2026-06-19,2031-03-01,WH-02,SYN-MO-0136,,quarantined
SYN-LOT-FG-0169,SYN-HA-0046,500,pcs,2026-02-23,2031-09-01,WH-02,SYN-MO-0137,,released
SYN-LOT-FG-0170,SYN-HA-0046,1000,pcs,2026-06-10,2031-06-01,WH-03,SYN-MO-0138,,quarantined
SYN-LOT-FG-0171,SYN-HA-0047,2000,pcs,2026-01-24,,WH-03,SYN-MO-0139,,blocked
SYN-LOT-FG-0172,SYN-HA-0047,2000,pcs,2026-02-13,,WH-01,SYN-MO-0140,,quarantined
SYN-LOT-FG-0173,SYN-HA-0047,1000,pcs,2026-06-14,,WH-01,SYN-MO-0141,,released
SYN-LOT-FG-0174,SYN-HA-0048,500,pcs,2026-07-20,2031-05-01,WH-02,SYN-MO-0142,,released
SYN-LOT-FG-0175,SYN-HA-0048,250,pcs,2026-06-23,2031-04-01,WH-03,SYN-MO-0143,,released
SYN-LOT-FG-0176,SYN-HA-0048,2000,pcs,2026-04-20,2031-06-01,WH-01,SYN-MO-0144,,released
SYN-LOT-FG-0177,SYN-HA-0049,250,pcs,2026-01-21,,WH-02,SYN-MO-0145,,released
SYN-LOT-FG-0178,SYN-HA-0049,1000,pcs,2026-07-13,,WH-03,SYN-MO-0146,,blocked
SYN-LOT-FG-0179,SYN-HA-0049,1000,pcs,2026-01-21,,WH-01,SYN-MO-0147,,released
SYN-LOT-FG-0180,SYN-HA-0050,2000,pcs,2026-06-16,,WH-01,SYN-MO-0148,,blocked
SYN-LOT-FG-0181,SYN-HA-0050,2000,pcs,2026-05-18,,WH-01,SYN-MO-0149,,released
SYN-LOT-FG-0182,SYN-HA-0050,250,pcs,2026-02-13,,WH-03,SYN-MO-0150,,quarantined
SYN-LOT-FG-0183,SYN-HA-0051,2000,pcs,2026-03-26,,WH-01,SYN-MO-0151,,blocked
SYN-LOT-FG-0184,SYN-HA-0051,1000,pcs,2026-01-20,,WH-03,SYN-MO-0152,,blocked
SYN-LOT-FG-0185,SYN-HA-0051,2000,pcs,2026-01-11,,WH-01,SYN-MO-0153,,released
SYN-LOT-FG-0186,SYN-HI-0052,1000,pcs,2026-02-13,,WH-01,SYN-MO-0154,,blocked
SYN-LOT-FG-0187,SYN-HI-0052,500,pcs,2026-02-23,,WH-02,SYN-MO-0155,,quarantined
SYN-LOT-FG-0188,SYN-HI-0052,2000,pcs,2026-03-25,,WH-03,SYN-MO-0156,,quarantined
SYN-LOT-FG-0189,SYN-HI-0053,2000,pcs,2026-02-17,,WH-01,SYN-MO-0157,,released
SYN-LOT-FG-0190,SYN-HI-0053,1000,pcs,2026-06-22,,WH-02,SYN-MO-0158,,released
SYN-LOT-FG-0191,SYN-HI-0053,500,pcs,2026-02-27,,WH-01,SYN-MO-0159,,blocked
SYN-LOT-FG-0192,SYN-HI-0054,500,pcs,2026-07-23,2031-05-01,WH-02,SYN-MO-0160,,blocked
SYN-LOT-FG-0193,SYN-HI-0054,1000,pcs,2026-04-10,2031-05-01,WH-03,SYN-MO-0161,,quarantined
SYN-LOT-FG-0194,SYN-HI-0054,250,pcs,2026-06-26,2031-03-01,WH-01,SYN-MO-0162,,quarantined
SYN-LOT-FG-0195,SYN-HI-0055,1000,pcs,2026-05-13,,WH-03,SYN-MO-0163,,released
SYN-LOT-FG-0196,SYN-HI-0055,1000,pcs,2026-06-26,,WH-01,SYN-MO-0164,,released
SYN-LOT-FG-0197,SYN-HI-0055,2000,pcs,2026-01-23,,WH-02,SYN-MO-0165,,released
SYN-LOT-FG-0198,SYN-HI-0056,500,pcs,2026-07-14,,WH-01,SYN-MO-0166,,quarantined
SYN-LOT-FG-0199,SYN-HI-0056,500,pcs,2026-01-23,,WH-02,SYN-MO-0167,,released
SYN-LOT-FG-0200,SYN-HI-0056,250,pcs,2026-06-16,,WH-02,SYN-MO-0168,,blocked
SYN-LOT-FG-0201,SYN-HI-0057,250,pcs,2026-04-21,2031-08-01,WH-03,SYN-MO-0169,,released
SYN-LOT-FG-0202,SYN-HI-0057,1000,pcs,2026-02-10,2031-08-01,WH-01,SYN-MO-0170,,released
SYN-LOT-FG-0203,SYN-HI-0057,1000,pcs,2026-05-17,2031-06-01,WH-03,SYN-MO-0171,,released
SYN-LOT-FG-0204,SYN-HI-0058,2000,pcs,2026-07-21,,WH-01,SYN-MO-0172,,released
SYN-LOT-FG-0205,SYN-HI-0058,250,pcs,2026-01-13,,WH-02,SYN-MO-0173,,released
SYN-LOT-FG-0206,SYN-HI-0058,500,pcs,2026-07-13,,WH-01,SYN-MO-0174,,released
SYN-LOT-FG-0207,SYN-HI-0059,500,pcs,2026-01-16,,WH-02,SYN-MO-0175,,released
SYN-LOT-FG-0208,SYN-HI-0059,2000,pcs,2026-07-21,,WH-02,SYN-MO-0176,,released
SYN-LOT-FG-0209,SYN-HI-0059,500,pcs,2026-04-14,,WH-02,SYN-MO-0177,,quarantined
SYN-LOT-FG-0210,SYN-HI-0060,2000,pcs,2026-03-19,,WH-02,SYN-MO-0178,,released
SYN-LOT-FG-0211,SYN-HI-0060,2000,pcs,2026-06-12,,WH-01,SYN-MO-0179,,released
SYN-LOT-FG-0212,SYN-HI-0060,2000,pcs,2026-02-19,,WH-02,SYN-MO-0180,,blocked
SYN-LOT-FG-0213,SYN-EX-0061,2000,pcs,2026-03-20,2031-03-01,WH-01,SYN-MO-0181,,released
SYN-LOT-FG-0214,SYN-EX-0061,1000,pcs,2026-02-23,2031-05-01,WH-01,SYN-MO-0182,,quarantined
SYN-LOT-FG-0215,SYN-EX-0061,500,pcs,2026-04-12,2031-05-01,WH-02,SYN-MO-0183,,released
SYN-LOT-FG-0216,SYN-EX-0062,2000,pcs,2026-02-25,,WH-02,SYN-MO-0184,,released
SYN-LOT-FG-0217,SYN-EX-0062,500,pcs,2026-04-22,,WH-01,SYN-MO-0185,,released
SYN-LOT-FG-0218,SYN-EX-0062,1000,pcs,2026-02-14,,WH-03,SYN-MO-0186,,quarantined
SYN-LOT-FG-0219,SYN-EX-0063,250,pcs,2026-01-19,,WH-01,SYN-MO-0187,,released
SYN-LOT-FG-0220,SYN-EX-0063,250,pcs,2026-05-20,,WH-01,SYN-MO-0188,,blocked
SYN-LOT-FG-0221,SYN-EX-0063,500,pcs,2026-03-27,,WH-03,SYN-MO-0189,,released
SYN-LOT-FG-0222,SYN-EX-0064,250,pcs,2026-03-18,,WH-02,SYN-MO-0190,,released
SYN-LOT-FG-0223,SYN-EX-0064,2000,pcs,2026-06-22,,WH-01,SYN-MO-0191,,released
SYN-LOT-FG-0224,SYN-EX-0064,250,pcs,2026-06-21,,WH-02,SYN-MO-0192,,blocked
SYN-LOT-FG-0225,SYN-EX-0065,500,pcs,2026-01-24,2031-02-01,WH-01,SYN-MO-0193,,released
SYN-LOT-FG-0226,SYN-EX-0065,500,pcs,2026-07-28,2031-07-01,WH-01,SYN-MO-0194,,blocked
SYN-LOT-FG-0227,SYN-EX-0065,1000,pcs,2026-05-11,2031-01-01,WH-01,SYN-MO-0195,,released
SYN-LOT-FG-0228,SYN-EX-0066,2000,pcs,2026-03-24,,WH-03,SYN-MO-0196,,blocked
SYN-LOT-FG-0229,SYN-EX-0066,500,pcs,2026-03-28,,WH-03,SYN-MO-0197,,released
SYN-LOT-FG-0230,SYN-EX-0066,500,pcs,2026-04-11,,WH-03,SYN-MO-0198,,quarantined
SYN-LOT-FG-0231,SYN-EX-0067,250,pcs,2026-02-22,,WH-02,SYN-MO-0199,,released
SYN-LOT-FG-0232,SYN-EX-0067,250,pcs,2026-02-16,,WH-01,SYN-MO-0200,,released
SYN-LOT-FG-0233,SYN-EX-0067,2000,pcs,2026-07-21,,WH-01,SYN-MO-0201,,released
SYN-LOT-FG-0234,SYN-EX-0068,500,pcs,2026-04-23,2031-03-01,WH-01,SYN-MO-0202,,released
SYN-LOT-FG-0235,SYN-EX-0068,500,pcs,2026-03-12,2031-01-01,WH-03,SYN-MO-0203,,blocked
SYN-LOT-FG-0236,SYN-EX-0068,250,pcs,2026-01-26,2031-08-01,WH-03,SYN-MO-0204,,released
SYN-LOT-FG-0237,SYN-EX-0069,1000,pcs,2026-01-10,,WH-01,SYN-MO-0205,,released
SYN-LOT-FG-0238,SYN-EX-0069,500,pcs,2026-01-24,,WH-01,SYN-MO-0206,,released
SYN-LOT-FG-0239,SYN-EX-0069,500,pcs,2026-01-15,,WH-01,SYN-MO-0207,,blocked
SYN-LOT-FG-0240,SYN-PI-0070,250,pcs,2026-03-26,,WH-01,SYN-MO-0208,,quarantined
SYN-LOT-FG-0241,SYN-PI-0070,250,pcs,2026-01-21,,WH-02,SYN-MO-0209,,released
SYN-LOT-FG-0242,SYN-PI-0070,500,pcs,2026-05-14,,WH-03,SYN-MO-0210,,released
SYN-LOT-FG-0243,SYN-PI-0071,500,pcs,2026-04-24,,WH-01,SYN-MO-0211,,released
SYN-LOT-FG-0244,SYN-PI-0071,1000,pcs,2026-01-16,,WH-03,SYN-MO-0212,,quarantined
SYN-LOT-FG-0245,SYN-PI-0071,2000,pcs,2026-02-21,,WH-01,SYN-MO-0213,,quarantined
SYN-LOT-FG-0246,SYN-PI-0072,250,pcs,2026-04-27,,WH-01,SYN-MO-0214,,released
SYN-LOT-FG-0247,SYN-PI-0072,250,pcs,2026-07-10,,WH-03,SYN-MO-0215,,released
SYN-LOT-FG-0248,SYN-PI-0072,2000,pcs,2026-03-22,,WH-03,SYN-MO-0216,,blocked
SYN-LOT-FG-0249,SYN-PI-0073,500,pcs,2026-06-27,2031-04-01,WH-02,SYN-MO-0217,,quarantined
SYN-LOT-FG-0250,SYN-PI-0073,1000,pcs,2026-03-16,2031-06-01,WH-03,SYN-MO-0218,,blocked
SYN-LOT-FG-0251,SYN-PI-0073,2000,pcs,2026-07-21,2031-03-01,WH-02,SYN-MO-0219,,released
SYN-LOT-FG-0252,SYN-PI-0074,2000,pcs,2026-05-20,,WH-02,SYN-MO-0220,,released
SYN-LOT-FG-0253,SYN-PI-0074,2000,pcs,2026-03-11,,WH-01,SYN-MO-0221,,quarantined
SYN-LOT-FG-0254,SYN-PI-0074,1000,pcs,2026-02-17,,WH-02,SYN-MO-0222,,released
SYN-LOT-FG-0255,SYN-PI-0075,1000,pcs,2026-04-20,,WH-03,SYN-MO-0223,,blocked
SYN-LOT-FG-0256,SYN-PI-0075,2000,pcs,2026-06-16,,WH-03,SYN-MO-0224,,released
SYN-LOT-FG-0257,SYN-PI-0075,500,pcs,2026-05-19,,WH-01,SYN-MO-0225,,released
SYN-LOT-FG-0258,SYN-PI-0076,250,pcs,2026-05-23,,WH-01,SYN-MO-0226,,released
SYN-LOT-FG-0259,SYN-PI-0076,500,pcs,2026-05-27,,WH-03,SYN-MO-0227,,quarantined
SYN-LOT-FG-0260,SYN-PI-0076,500,pcs,2026-06-12,,WH-01,SYN-MO-0228,,released
SYN-LOT-FG-0261,SYN-PI-0077,250,pcs,2026-05-22,,WH-02,SYN-MO-0229,,released
SYN-LOT-FG-0262,SYN-PI-0077,500,pcs,2026-03-19,,WH-02,SYN-MO-0230,,released
SYN-LOT-FG-0263,SYN-PI-0077,250,pcs,2026-07-26,,WH-03,SYN-MO-0231,,released
SYN-LOT-FG-0264,SYN-PI-0078,1000,pcs,2026-04-16,2031-06-01,WH-02,SYN-MO-0232,,released
SYN-LOT-FG-0265,SYN-PI-0078,500,pcs,2026-04-21,2031-05-01,WH-01,SYN-MO-0233,,released
SYN-LOT-FG-0266,SYN-PI-0078,2000,pcs,2026-06-25,2031-03-01,WH-01,SYN-MO-0234,,quarantined
SYN-LOT-FG-0267,SYN-OR-0079,1000,pcs,2026-04-27,,WH-03,SYN-MO-0235,,released
SYN-LOT-FG-0268,SYN-OR-0079,2000,pcs,2026-01-23,,WH-03,SYN-MO-0236,,quarantined
SYN-LOT-FG-0269,SYN-OR-0079,2000,pcs,2026-07-10,,WH-03,SYN-MO-0237,,released
SYN-LOT-FG-0270,SYN-OR-0080,1000,pcs,2026-06-14,,WH-02,SYN-MO-0238,,released
SYN-LOT-FG-0271,SYN-OR-0080,2000,pcs,2026-01-15,,WH-02,SYN-MO-0239,,quarantined
SYN-LOT-FG-0272,SYN-OR-0080,250,pcs,2026-07-23,,WH-01,SYN-MO-0240,,blocked
SYN-LOT-FG-0273,SYN-OR-0081,500,pcs,2026-03-12,,WH-02,SYN-MO-0241,,released
SYN-LOT-FG-0274,SYN-OR-0081,2000,pcs,2026-03-18,,WH-02,SYN-MO-0242,,released
SYN-LOT-FG-0275,SYN-OR-0081,250,pcs,2026-02-25,,WH-02,SYN-MO-0243,,released
SYN-LOT-FG-0276,SYN-OR-0082,2000,pcs,2026-05-22,2031-08-01,WH-02,SYN-MO-0244,,blocked
SYN-LOT-FG-0277,SYN-OR-0082,2000,pcs,2026-07-19,2031-07-01,WH-01,SYN-MO-0245,,blocked
SYN-LOT-FG-0278,SYN-OR-0082,500,pcs,2026-06-21,2031-01-01,WH-03,SYN-MO-0246,,quarantined
SYN-LOT-FG-0279,SYN-OR-0083,250,pcs,2026-07-24,,WH-01,SYN-MO-0247,,released
SYN-LOT-FG-0280,SYN-OR-0083,1000,pcs,2026-03-11,,WH-03,SYN-MO-0248,,quarantined
SYN-LOT-FG-0281,SYN-OR-0083,250,pcs,2026-01-12,,WH-01,SYN-MO-0249,,released
SYN-LOT-FG-0282,SYN-OR-0084,500,pcs,2026-07-28,,WH-03,SYN-MO-0250,,quarantined
SYN-LOT-FG-0283,SYN-OR-0084,1000,pcs,2026-07-22,,WH-03,SYN-MO-0251,,quarantined
SYN-LOT-FG-0284,SYN-OR-0084,2000,pcs,2026-04-26,,WH-03,SYN-MO-0252,,blocked
SYN-LOT-FG-0285,SYN-OR-0085,2000,pcs,2026-07-16,,WH-02,SYN-MO-0253,,released
SYN-LOT-FG-0286,SYN-OR-0085,500,pcs,2026-04-18,,WH-02,SYN-MO-0254,,released
SYN-LOT-FG-0287,SYN-OR-0085,1000,pcs,2026-06-26,,WH-03,SYN-MO-0255,,released
SYN-LOT-FG-0288,SYN-OR-0086,250,pcs,2026-05-15,,WH-01,SYN-MO-0256,,released
SYN-LOT-FG-0289,SYN-OR-0086,1000,pcs,2026-03-22,,WH-03,SYN-MO-0257,,released
SYN-LOT-FG-0290,SYN-OR-0086,500,pcs,2026-03-13,,WH-01,SYN-MO-0258,,released
SYN-LOT-FG-0291,SYN-OR-0087,500,pcs,2026-05-13,,WH-02,SYN-MO-0259,,quarantined
SYN-LOT-FG-0292,SYN-OR-0087,2000,pcs,2026-01-10,,WH-02,SYN-MO-0260,,blocked
SYN-LOT-FG-0293,SYN-OR-0087,250,pcs,2026-02-18,,WH-02,SYN-MO-0261,,released
SYN-LOT-FG-0294,SYN-OR-0088,500,pcs,2026-05-17,,WH-01,SYN-MO-0262,,blocked
SYN-LOT-FG-0295,SYN-OR-0088,250,pcs,2026-05-28,,WH-02,SYN-MO-0263,,quarantined
SYN-LOT-FG-0296,SYN-OR-0088,250,pcs,2026-07-20,,WH-02,SYN-MO-0264,,quarantined
SYN-LOT-FG-0297,SYN-OR-0089,250,pcs,2026-03-22,,WH-01,SYN-MO-0265,,quarantined
SYN-LOT-FG-0298,SYN-OR-0089,250,pcs,2026-06-24,,WH-02,SYN-MO-0266,,released
SYN-LOT-FG-0299,SYN-OR-0089,500,pcs,2026-05-13,,WH-02,SYN-MO-0267,,released
SYN-LOT-FG-0300,SYN-OR-0090,250,pcs,2026-05-27,,WH-03,SYN-MO-0268,,released
SYN-LOT-FG-0301,SYN-OR-0090,1000,pcs,2026-06-14,,WH-02,SYN-MO-0269,,released
SYN-LOT-FG-0302,SYN-OR-0090,2000,pcs,2026-07-18,,WH-01,SYN-MO-0270,,released
