Product Code,Product Name,Family,Category,Anatomical Category,Material,Size,Dimensions,Sterility,Packaging,UDI
SYN-TR-0001,SYNTHETIC Cortical Screw 3.5 x 20 mm,trauma,implant,foot,cobalt_chrome,3.5 x 20 mm,3.5 × 20 mm,non_sterile,Bulk pack,
SYN-TR-0002,SYNTHETIC Cortical Screw 4.0 x 30 mm,trauma,implant,hand,stainless_steel_316l,4.0 x 30 mm,4.0 × 30 mm,sterile,Bulk pack,
SYN-TR-0003,SYNTHETIC Cortical Screw 4.5 x 40 mm,trauma,implant,pelvis,stainless_steel_316l,4.5 x 40 mm,4.5 × 40 mm,non_sterile,Bulk pack,
SYN-TR-0004,SYNTHETIC Locking Plate 3.5 x 20 mm,trauma,implant,foot,stainless_steel_316l,3.5 x 20 mm,3.5 × 20 mm,sterilizable,Instrument tray,
SYN-TR-0005,SYNTHETIC Locking Plate 4.0 x 30 mm,trauma,implant,lower_extremity,cobalt_chrome,4.0 x 30 mm,4.0 × 30 mm,non_sterile,Bulk pack,
SYN-TR-0006,SYNTHETIC Locking Plate 4.5 x 40 mm,trauma,implant,pelvis,stainless_steel_316l,4.5 x 40 mm,4.5 × 40 mm,sterilizable,Single sterile blister,
SYN-TR-0007,SYNTHETIC Cannulated Screw 3.5 x 20 mm,trauma,implant,pelvis,peek,3.5 x 20 mm,3.5 × 20 mm,sterilizable,Bulk pack,
SYN-TR-0008,SYNTHETIC Cannulated Screw 4.0 x 30 mm,trauma,implant,craniomaxillofacial,titanium_alloy,4.0 x 30 mm,4.0 × 30 mm,non_sterile,Bulk pack,
SYN-TR-0009,SYNTHETIC Cannulated Screw 4.5 x 40 mm,trauma,implant,lower_extremity,commercially_pure_titanium,4.5 x 40 mm,4.5 × 40 mm,sterile,Bulk pack,
SYN-TR-0010,SYNTHETIC Intramedullary Nail 3.5 x 20 mm,trauma,implant,lower_extremity,cobalt_chrome,3.5 x 20 mm,3.5 × 20 mm,sterile,Bulk pack,
SYN-TR-0011,SYNTHETIC Intramedullary Nail 4.0 x 30 mm,trauma,implant,hand,uhmwpe,4.0 x 30 mm,4.0 × 30 mm,non_sterile,Single sterile blister,
SYN-TR-0012,SYNTHETIC Intramedullary Nail 4.5 x 40 mm,trauma,implant,pelvis,cobalt_chrome,4.5 x 40 mm,4.5 × 40 mm,non_sterile,Instrument tray,
SYN-SP-0013,SYNTHETIC Pedicle Screw 3.5 x 20 mm,spine,implant,hand,stainless_steel_316l,3.5 x 20 mm,3.5 × 20 mm,non_sterile,Single sterile blister,
SYN-SP-0014,SYNTHETIC Pedicle Screw 4.0 x 30 mm,spine,implant,foot,commercially_pure_titanium,4.0 x 30 mm,4.0 × 30 mm,sterile,Bulk pack,
SYN-SP-0015,SYNTHETIC Pedicle Screw 4.5 x 40 mm,spine,implant,upper_extremity,commercially_pure_titanium,4.5 x 40 mm,4.5 × 40 mm,non_sterile,Single sterile blister,
SYN-SP-0016,SYNTHETIC Spinal Rod 3.5 x 20 mm,spine,component,upper_extremity,commercially_pure_titanium,3.5 x 20 mm,3.5 × 20 mm,sterilizable,Bulk pack,
SYN-SP-0017,SYNTHETIC Spinal Rod 4.0 x 30 mm,spine,component,hand,cobalt_chrome,4.0 x 30 mm,4.0 × 30 mm,non_sterile,Bulk pack,
SYN-SP-0018,SYNTHETIC Spinal Rod 4.5 x 40 mm,spine,component,hand,peek,4.5 x 40 mm,4.5 × 40 mm,sterilizable,Bulk pack,
SYN-SP-0019,SYNTHETIC Interbody Cage 3.5 x 20 mm,spine,implant,spine,commercially_pure_titanium,3.5 x 20 mm,3.5 × 20 mm,non_sterile,Single sterile blister,
SYN-SP-0020,SYNTHETIC Interbody Cage 4.0 x 30 mm,spine,implant,foot,stainless_steel_316l,4.0 x 30 mm,4.0 × 30 mm,sterile,Instrument tray,
SYN-SP-0021,SYNTHETIC Interbody Cage 4.5 x 40 mm,spine,implant,upper_extremity,peek,4.5 x 40 mm,4.5 × 40 mm,sterile,Single sterile blister,
SYN-SP-0022,SYNTHETIC Cross Connector 3.5 x 20 mm,spine,implant,upper_extremity,commercially_pure_titanium,3.5 x 20 mm,3.5 × 20 mm,non_sterile,Bulk pack,
SYN-SP-0023,SYNTHETIC Cross Connector 4.0 x 30 mm,spine,implant,upper_extremity,commercially_pure_titanium,4.0 x 30 mm,4.0 × 30 mm,sterilizable,Bulk pack,
SYN-SP-0024,SYNTHETIC Cross Connector 4.5 x 40 mm,spine,implant,craniomaxillofacial,stainless_steel_316l,4.5 x 40 mm,4.5 × 40 mm,non_sterile,Single sterile blister,
SYN-AR-0025,SYNTHETIC Suture Anchor 3.5 x 20 mm,arthroscopy,implant,foot,commercially_pure_titanium,3.5 x 20 mm,3.5 × 20 mm,non_sterile,Single sterile blister,
SYN-AR-0026,SYNTHETIC Suture Anchor 4.0 x 30 mm,arthroscopy,implant,craniomaxillofacial,uhmwpe,4.0 x 30 mm,4.0 × 30 mm,sterilizable,Single sterile blister,
SYN-AR-0027,SYNTHETIC Suture Anchor 4.5 x 40 mm,arthroscopy,implant,upper_extremity,peek,4.5 x 40 mm,4.5 × 40 mm,non_sterile,Single sterile blister,
SYN-AR-0028,SYNTHETIC Interference Screw 3.5 x 20 mm,arthroscopy,implant,lower_extremity,peek,3.5 x 20 mm,3.5 × 20 mm,sterile,Single sterile blister,
SYN-AR-0029,SYNTHETIC Interference Screw 4.0 x 30 mm,arthroscopy,implant,upper_extremity,commercially_pure_titanium,4.0 x 30 mm,4.0 × 30 mm,non_sterile,Instrument tray,
SYN-AR-0030,SYNTHETIC Interference Screw 4.5 x 40 mm,arthroscopy,implant,foot,stainless_steel_316l,4.5 x 40 mm,4.5 × 40 mm,sterile,Instrument tray,
SYN-AR-0031,SYNTHETIC Meniscal Repair Device 3.5 x 20 mm,arthroscopy,implant,lower_extremity,uhmwpe,3.5 x 20 mm,3.5 × 20 mm,sterilizable,Instrument tray,
SYN-AR-0032,SYNTHETIC Meniscal Repair Device 4.0 x 30 mm,arthroscopy,implant,pelvis,commercially_pure_titanium,4.0 x 30 mm,4.0 × 30 mm,sterilizable,Bulk pack,
SYN-AR-0033,SYNTHETIC Meniscal Repair Device 4.5 x 40 mm,arthroscopy,implant,lower_extremity,stainless_steel_316l,4.5 x 40 mm,4.5 × 40 mm,sterile,Instrument tray,
SYN-MA-0034,SYNTHETIC Mandible Plate 3.5 x 20 mm,maxillofacial,implant,spine,cobalt_chrome,3.5 x 20 mm,3.5 × 20 mm,non_sterile,Bulk pack,
SYN-MA-0035,SYNTHETIC Mandible Plate 4.0 x 30 mm,maxillofacial,implant,pelvis,uhmwpe,4.0 x 30 mm,4.0 × 30 mm,non_sterile,Instrument tray,
SYN-MA-0036,SYNTHETIC Mandible Plate 4.5 x 40 mm,maxillofacial,implant,pelvis,peek,4.5 x 40 mm,4.5 × 40 mm,sterile,Single sterile blister,
SYN-MA-0037,SYNTHETIC Orbital Mesh 3.5 x 20 mm,maxillofacial,implant,foot,cobalt_chrome,3.5 x 20 mm,3.5 × 20 mm,sterilizable,Single sterile blister,
SYN-MA-0038,SYNTHETIC Orbital Mesh 4.0 x 30 mm,maxillofacial,implant,pelvis,uhmwpe,4.0 x 30 mm,4.0 × 30 mm,non_sterile,Instrument tray,
SYN-MA-0039,SYNTHETIC Orbital Mesh 4.5 x 40 mm,maxillofacial,implant,foot,titanium_alloy,4.5 x 40 mm,4.5 × 40 mm,sterile,Bulk pack,
SYN-MA-0040,SYNTHETIC CMF Screw 3.5 x 20 mm,maxillofacial,implant,upper_extremity,titanium_alloy,3.5 x 20 mm,3.5 × 20 mm,sterile,Bulk pack,
SYN-MA-0041,SYNTHETIC CMF Screw 4.0 x 30 mm,maxillofacial,implant,lower_extremity,peek,4.0 x 30 mm,4.0 × 30 mm,non_sterile,Single sterile blister,
SYN-MA-0042,SYNTHETIC CMF Screw 4.5 x 40 mm,maxillofacial,implant,lower_extremity,stainless_steel_316l,4.5 x 40 mm,4.5 × 40 mm,sterile,Single sterile blister,
SYN-HA-0043,SYNTHETIC Hand Plate 3.5 x 20 mm,hand_and_foot,implant,foot,cobalt_chrome,3.5 x 20 mm,3.5 × 20 mm,sterilizable,Instrument tray,
SYN-HA-0044,SYNTHETIC Hand Plate 4.0 x 30 mm,hand_and_foot,implant,lower_extremity,commercially_pure_titanium,4.0 x 30 mm,4.0 × 30 mm,sterile,Single sterile blister,
SYN-HA-0045,SYNTHETIC Hand Plate 4.5 x 40 mm,hand_and_foot,implant,spine,stainless_steel_316l,4.5 x 40 mm,4.5 × 40 mm,non_sterile,Bulk pack,
SYN-HA-0046,SYNTHETIC Compression Screw 3.5 x 20 mm,hand_and_foot,implant,hand,titanium_alloy,3.5 x 20 mm,3.5 × 20 mm,sterile,Bulk pack,
SYN-HA-0047,SYNTHETIC Compression Screw 4.0 x 30 mm,hand_and_foot,implant,lower_extremity,titanium_alloy,4.0 x 30 mm,4.0 × 30 mm,non_sterile,Single sterile blister,
SYN-HA-0048,SYNTHETIC Compression Screw 4.5 x 40 mm,hand_and_foot,implant,hand,cobalt_chrome,4.5 x 40 mm,4.5 × 40 mm,sterile,Single sterile blister,
SYN-HA-0049,SYNTHETIC Phalangeal Plate 3.5 x 20 mm,hand_and_foot,implant,lower_extremity,peek,3.5 x 20 mm,3.5 × 20 mm,non_sterile,Instrument tray,
SYN-HA-0050,SYNTHETIC Phalangeal Plate 4.0 x 30 mm,hand_and_foot,implant,spine,titanium_alloy,4.0 x 30 mm,4.0 × 30 mm,non_sterile,Instrument tray,
SYN-HA-0051,SYNTHETIC Phalangeal Plate 4.5 x 40 mm,hand_and_foot,implant,spine,titanium_alloy,4.5 x 40 mm,4.5 × 40 mm,non_sterile,Single sterile blister,
SYN-HI-0052,SYNTHETIC Femoral Stem 3.5 x 20 mm,hip_prosthesis,implant,pelvis,cobalt_chrome,3.5 x 20 mm,3.5 × 20 mm,non_sterile,Bulk pack,
SYN-HI-0053,SYNTHETIC Femoral Stem 4.0 x 30 mm,hip_prosthesis,implant,foot,uhmwpe,4.0 x 30 mm,4.0 × 30 mm,non_sterile,Single sterile blister,
SYN-HI-0054,SYNTHETIC Femoral Stem 4.5 x 40 mm,hip_prosthesis,implant,pelvis,peek,4.5 x 40 mm,4.5 × 40 mm,sterile,Bulk pack,
SYN-HI-0055,SYNTHETIC Acetabular Cup 3.5 x 20 mm,hip_prosthesis,implant,pelvis,stainless_steel_316l,3.5 x 20 mm,3.5 × 20 mm,sterilizable,Instrument tray,
SYN-HI-0056,SYNTHETIC Acetabular Cup 4.0 x 30 mm,hip_prosthesis,implant,hand,uhmwpe,4.0 x 30 mm,4.0 × 30 mm,sterilizable,Bulk pack,
SYN-HI-0057,SYNTHETIC Acetabular Cup 4.5 x 40 mm,hip_prosthesis,implant,upper_extremity,titanium_alloy,4.5 x 40 mm,4.5 × 40 mm,sterile,Bulk pack,
SYN-HI-0058,SYNTHETIC Femoral Head 3.5 x 20 mm,hip_prosthesis,implant,hand,stainless_steel_316l,3.5 x 20 mm,3.5 × 20 mm,non_sterile,Single sterile blister,
SYN-HI-0059,SYNTHETIC Femoral Head 4.0 x 30 mm,hip_prosthesis,implant,pelvis,commercially_pure_titanium,4.0 x 30 mm,4.0 × 30 mm,sterilizable,Bulk pack,
SYN-HI-0060,SYNTHETIC Femoral Head 4.5 x 40 mm,hip_prosthesis,implant,foot,titanium_alloy,4.5 x 40 mm,4.5 × 40 mm,sterilizable,Bulk pack,
SYN-EX-0061,SYNTHETIC Fixator Clamp 3.5 x 20 mm,external_fixators,implant,foot,cobalt_chrome,3.5 x 20 mm,3.5 × 20 mm,sterile,Instrument tray,
SYN-EX-0062,SYNTHETIC Fixator Clamp 4.0 x 30 mm,external_fixators,implant,upper_extremity,uhmwpe,4.0 x 30 mm,4.0 × 30 mm,sterilizable,Bulk pack,
SYN-EX-0063,SYNTHETIC Fixator Clamp 4.5 x 40 mm,external_fixators,implant,spine,cobalt_chrome,4.5 x 40 mm,4.5 × 40 mm,non_sterile,Single sterile blister,
SYN-EX-0064,SYNTHETIC Carbon Rod 3.5 x 20 mm,external_fixators,component,upper_extremity,stainless_steel_316l,3.5 x 20 mm,3.5 × 20 mm,sterilizable,Single sterile blister,
SYN-EX-0065,SYNTHETIC Carbon Rod 4.0 x 30 mm,external_fixators,component,foot,cobalt_chrome,4.0 x 30 mm,4.0 × 30 mm,sterile,Single sterile blister,
SYN-EX-0066,SYNTHETIC Carbon Rod 4.5 x 40 mm,external_fixators,component,upper_extremity,uhmwpe,4.5 x 40 mm,4.5 × 40 mm,non_sterile,Bulk pack,
SYN-EX-0067,SYNTHETIC Schanz Pin 3.5 x 20 mm,external_fixators,implant,pelvis,titanium_alloy,3.5 x 20 mm,3.5 × 20 mm,non_sterile,Bulk pack,
SYN-EX-0068,SYNTHETIC Schanz Pin 4.0 x 30 mm,external_fixators,implant,lower_extremity,peek,4.0 x 30 mm,4.0 × 30 mm,sterile,Single sterile blister,
SYN-EX-0069,SYNTHETIC Schanz Pin 4.5 x 40 mm,external_fixators,implant,upper_extremity,peek,4.5 x 40 mm,4.5 × 40 mm,sterilizable,Bulk pack,
SYN-PI-0070,SYNTHETIC Kirschner Wire 3.5 x 20 mm,pins_and_wires,implant,pelvis,stainless_steel_316l,3.5 x 20 mm,3.5 × 20 mm,non_sterile,Bulk pack,
SYN-PI-0071,SYNTHETIC Kirschner Wire 4.0 x 30 mm,pins_and_wires,implant,craniomaxillofacial,peek,4.0 x 30 mm,4.0 × 30 mm,non_sterile,Instrument tray,
SYN-PI-0072,SYNTHETIC Kirschner Wire 4.5 x 40 mm,pins_and_wires,implant,foot,peek,4.5 x 40 mm,4.5 × 40 mm,sterilizable,Single sterile blister,
SYN-PI-0073,SYNTHETIC Steinmann Pin 3.5 x 20 mm,pins_and_wires,implant,pelvis,stainless_steel_316l,3.5 x 20 mm,3.5 × 20 mm,sterile,Bulk pack,
SYN-PI-0074,SYNTHETIC Steinmann Pin 4.0 x 30 mm,pins_and_wires,implant,lower_extremity,commercially_pure_titanium,4.0 x 30 mm,4.0 × 30 mm,sterilizable,Instrument tray,
SYN-PI-0075,SYNTHETIC Steinmann Pin 4.5 x 40 mm,pins_and_wires,implant,lower_extremity,peek,4.5 x 40 mm,4.5 × 40 mm,sterilizable,Single sterile blister,
SYN-PI-0076,SYNTHETIC Cerclage Wire 3.5 x 20 mm,pins_and_wires,implant,lower_extremity,stainless_steel_316l,3.5 x 20 mm,3.5 × 20 mm,sterilizable,Single sterile blister,
SYN-PI-0077,SYNTHETIC Cerclage Wire 4.0 x 30 mm,pins_and_wires,implant,pelvis,peek,4.0 x 30 mm,4.0 × 30 mm,non_sterile,Instrument tray,
SYN-PI-0078,SYNTHETIC Cerclage Wire 4.5 x 40 mm,pins_and_wires,implant,lower_extremity,peek,4.5 x 40 mm,4.5 × 40 mm,sterile,Bulk pack,
SYN-OR-0079,SYNTHETIC Drill Bit 3.5 x 20 mm,orthopedic_instruments,instrument,craniomaxillofacial,commercially_pure_titanium,3.5 x 20 mm,3.5 × 20 mm,non_sterile,Bulk pack,
SYN-OR-0080,SYNTHETIC Drill Bit 4.0 x 30 mm,orthopedic_instruments,instrument,pelvis,stainless_steel_316l,4.0 x 30 mm,4.0 × 30 mm,sterilizable,Instrument tray,
SYN-OR-0081,SYNTHETIC Drill Bit 4.5 x 40 mm,orthopedic_instruments,instrument,foot,stainless_steel_316l,4.5 x 40 mm,4.5 × 40 mm,non_sterile,Instrument tray,
SYN-OR-0082,SYNTHETIC Depth Gauge 3.5 x 20 mm,orthopedic_instruments,instrument,spine,titanium_alloy,3.5 x 20 mm,3.5 × 20 mm,sterile,Bulk pack,
SYN-OR-0083,SYNTHETIC Depth Gauge 4.0 x 30 mm,orthopedic_instruments,instrument,upper_extremity,commercially_pure_titanium,4.0 x 30 mm,4.0 × 30 mm,non_sterile,Bulk pack,
SYN-OR-0084,SYNTHETIC Depth Gauge 4.5 x 40 mm,orthopedic_instruments,instrument,craniomaxillofacial,peek,4.5 x 40 mm,4.5 × 40 mm,non_sterile,Bulk pack,
SYN-OR-0085,SYNTHETIC Screwdriver Shaft 3.5 x 20 mm,orthopedic_instruments,instrument,foot,commercially_pure_titanium,3.5 x 20 mm,3.5 × 20 mm,sterilizable,Bulk pack,
SYN-OR-0086,SYNTHETIC Screwdriver Shaft 4.0 x 30 mm,orthopedic_instruments,instrument,lower_extremity,peek,4.0 x 30 mm,4.0 × 30 mm,sterilizable,Single sterile blister,
SYN-OR-0087,SYNTHETIC Screwdriver Shaft 4.5 x 40 mm,orthopedic_instruments,instrument,foot,peek,4.5 x 40 mm,4.5 × 40 mm,sterilizable,Instrument tray,
SYN-OR-0088,SYNTHETIC Reamer 3.5 x 20 mm,orthopedic_instruments,instrument,pelvis,commercially_pure_titanium,3.5 x 20 mm,3.5 × 20 mm,non_sterile,Single sterile blister,
SYN-OR-0089,SYNTHETIC Reamer 4.0 x 30 mm,orthopedic_instruments,instrument,spine,stainless_steel_316l,4.0 x 30 mm,4.0 × 30 mm,sterilizable,Single sterile blister,
SYN-OR-0090,SYNTHETIC Reamer 4.5 x 40 mm,orthopedic_instruments,instrument,spine,uhmwpe,4.5 x 40 mm,4.5 × 40 mm,non_sterile,Instrument tray,
SYN-RM-0001,SYNTHETIC Ti-6Al-4V Bar Stock Ø12mm,trauma,raw_material,not_specified,titanium_alloy,,,non_sterile,Bulk pack,
SYN-RM-0002,SYNTHETIC 316L Bar Stock Ø10mm,trauma,raw_material,not_specified,stainless_steel_316l,,,non_sterile,Bulk pack,
SYN-RM-0003,SYNTHETIC CoCr Bar Stock Ø16mm,trauma,raw_material,not_specified,cobalt_chrome,,,non_sterile,Bulk pack,
SYN-RM-0004,SYNTHETIC PEEK Rod Ø8mm,trauma,raw_material,not_specified,peek,,,non_sterile,Bulk pack,
